First Name,Last Name,Email,User ID,Password,Date of Birth,Age,Gender,ID
Chelsea,Reed,chelsea_reed@example.com,chelseareed,chelsea,14-05-1979,39,Female,7223
Monica,Morgan,monica_morgan@example.com,monicamorgan,monica,13-04-1985,28,Female,6387
Andrew,Johnson,andrew_johnson@example.com,andrewjohnson,andrew,02-08-1971,51,Female,8911
Brittany,Garcia,brittany_garcia@example.com,brittanygarcia,brittany,08-05-1979,27,Female,2767
Sarah,Bradley,sarah_bradley@example.com,sarahbradley,sarah,04-09-1995,20,Male,3719
Jennifer,Casey,jennifer_casey@example.com,jennifercasey,jennifer,28-11-1977,60,Male,8861
Brenda,Daniels,brenda_daniels@example.com,brendadaniels,brenda,02-04-1971,29,Male,4323
Amanda,Davis,amanda_davis@example.com,amandadavis,amanda,21-09-1990,29,Female,6902
Robin,Scott,robin_scott@example.com,robinscott,robin,09-02-2005,64,Female,1738
Sharon,King,sharon_king@example.com,sharonking,sharon,04-06-1969,41,Male,4222
Steven,Christensen,steven_christensen@example.com,stevenchristensen,steven,11-08-1984,64,Male,5757
Christina,Mitchell,christina_mitchell@example.com,christinamitchell,christina,28-07-1978,23,Female,9646
Thomas,Collins,thomas_collins@example.com,thomascollins,thomas,30-05-1971,52,Female,3355
Dylan,Clark,dylan_clark@example.com,dylanclark,dylan,22-06-1961,32,Female,3110
Ashley,Edwards,ashley_edwards@example.com,ashleyedwards,ashley,30-11-1986,51,Female,4907
Mary,Munoz,mary_munoz@example.com,marymunoz,mary,05-11-1959,31,Female,5370
Victoria,Diaz,victoria_diaz@example.com,victoriadiaz,victoria,21-07-1997,30,Female,5751
Keith,Torres,keith_torres@example.com,keithtorres,keith,24-08-1970,35,Male,3279
Danielle,Schneider,danielle_schneider@example.com,danielleschneider,danielle,03-04-1994,52,Male,5384
Kayla,Smith,kayla_smith@example.com,kaylasmith,kayla,14-10-1974,64,Female,5691
Emily,Willis,emily_willis@example.com,emilywillis,emily,12-11-1999,64,Female,7445
Lori,Ferguson,lori_ferguson@example.com,loriferguson,lori,25-10-1995,21,Male,1172
Erika,Brown,erika_brown@example.com,erikabrown,erika,31-01-1972,52,Female,7802
Jillian,Murphy,jillian_murphy@example.com,jillianmurphy,jillian,01-05-2001,39,Female,1665
Peter,Hall,peter_hall@example.com,peterhall,peter,02-02-1974,54,Male,4330
Diane,Scott,diane_scott@example.com,dianescott,diane,31-03-1984,43,Female,7816
Nancy,Mcguire,nancy_mcguire@example.com,nancymcguire,nancy,10-11-1991,36,Male,9673
Kimberly,Barron,kimberly_barron@example.com,kimberlybarron,kimberly,26-05-1975,36,Male,5492
Lauren,Gregory,lauren_gregory@example.com,laurengregory,lauren,18-11-1964,64,Male,3965
Kelli,Vargas,kelli_vargas@example.com,kellivargas,kelli,30-12-1979,25,Male,5682
Ronald,Clark,ronald_clark@example.com,ronaldclark,ronald,06-06-1979,24,Male,7339
Mark,Glass,mark_glass@example.com,markglass,mark,23-01-1992,61,Male,8356
Amy,Willis,amy_willis@example.com,amywillis,amy,04-04-1961,31,Male,2838
Justin,Hernandez,justin_hernandez@example.com,justinhernandez,justin,29-09-1962,59,Male,4031
Katherine,Howe,katherine_howe@example.com,katherinehowe,katherine,07-05-1983,46,Female,4021
Ana,Young,ana_young@example.com,anayoung,ana,19-07-1979,64,Female,5995
Melissa,Neal,melissa_neal@example.com,melissaneal,melissa,07-04-1969,42,Male,2549
Stacey,Johnson,stacey_johnson@example.com,staceyjohnson,stacey,23-06-1975,50,Female,4941
Sandy,Nicholson,sandy_nicholson@example.com,sandynicholson,sandy,21-07-1965,48,Female,1935
Christopher,Roberts,christopher_roberts@example.com,christopherroberts,christopher,09-11-1997,43,Female,3386
Brandon,Moreno,brandon_moreno@example.com,brandonmoreno,brandon,05-08-1985,36,Male,2016
Jessica,Morris,jessica_morris@example.com,jessicamorris,jessica,08-08-1964,31,Male,7217
Andrea,Johnson,andrea_johnson@example.com,andreajohnson,andrea,06-03-1958,30,Male,9579
David,Cochran,david_cochran@example.com,davidcochran,david,22-06-1960,29,Female,2188
Stacey,Ochoa,stacey_ochoa@example.com,staceyochoa,stacey,13-01-1982,56,Female,2294
Shawn,Hood,shawn_hood@example.com,shawnhood,shawn,30-07-1961,40,Female,8326
Ryan,Hill,ryan_hill@example.com,ryanhill,ryan,02-09-1988,18,Male,9350
Zachary,Yang,zachary_yang@example.com,zacharyyang,zachary,06-01-1973,20,Female,8419
Tonya,Davis,tonya_davis@example.com,tonyadavis,tonya,12-02-1962,35,Female,7952
Brianna,Ford,brianna_ford@example.com,briannaford,brianna,07-09-1994,50,Female,6372
Carrie,Sanchez,carrie_sanchez@example.com,carriesanchez,carrie,07-04-1977,64,Female,9633
Michael,Combs,michael_combs@example.com,michaelcombs,michael,28-12-1993,40,Female,4683
Richard,Kelly,richard_kelly@example.com,richardkelly,richard,26-12-1961,46,Female,2022
Jessica,Nelson,jessica_nelson@example.com,jessicanelson,jessica,21-07-1986,20,Female,5647
Robert,Barber,robert_barber@example.com,robertbarber,robert,25-01-1999,37,Female,1782
Frank,Landry,frank_landry@example.com,franklandry,frank,06-09-1991,61,Male,2732
Jasmine,Ferguson,jasmine_ferguson@example.com,jasmineferguson,jasmine,19-04-1976,40,Male,5003
Todd,Pacheco,todd_pacheco@example.com,toddpacheco,todd,16-01-1998,40,Male,5941
Cody,Wyatt,cody_wyatt@example.com,codywyatt,cody,16-06-1962,59,Female,4338
Billy,Santos,billy_santos@example.com,billysantos,billy,30-08-1990,42,Male,3327
Kathleen,Wolfe,kathleen_wolfe@example.com,kathleenwolfe,kathleen,24-09-1994,64,Male,1730
Kimberly,Acosta,kimberly_acosta@example.com,kimberlyacosta,kimberly,27-07-1993,45,Female,4549
Randall,Suarez,randall_suarez@example.com,randallsuarez,randall,11-06-1995,20,Female,4018
Vanessa,Moore,vanessa_moore@example.com,vanessamoore,vanessa,27-10-1989,51,Male,9941
Julie,Smith,julie_smith@example.com,juliesmith,julie,22-04-1958,38,Female,6414
Kimberly,Morris,kimberly_morris@example.com,kimberlymorris,kimberly,03-07-1972,28,Female,8514
James,Carlson,james_carlson@example.com,jamescarlson,james,14-07-1988,37,Female,2289
Samantha,Davis,samantha_davis@example.com,samanthadavis,samantha,24-03-1959,30,Female,6058
Derrick,Mooney,derrick_mooney@example.com,derrickmooney,derrick,18-12-1968,21,Female,1910
Brian,Gutierrez,brian_gutierrez@example.com,briangutierrez,brian,03-03-1969,64,Female,5160
Kimberly,Russo,kimberly_russo@example.com,kimberlyrusso,kimberly,01-11-1990,24,Female,2220
Norman,Thomas,norman_thomas@example.com,normanthomas,norman,22-06-1999,42,Female,6882
David,Wilcox,david_wilcox@example.com,davidwilcox,david,23-08-1992,36,Male,8707
Bailey,Price,bailey_price@example.com,baileyprice,bailey,01-05-1998,64,Female,4196
Wendy,Roberts,wendy_roberts@example.com,wendyroberts,wendy,17-12-1964,49,Female,9047
Raymond,Hernandez,raymond_hernandez@example.com,raymondhernandez,raymond,22-02-1985,55,Female,3874
Jeffrey,Roberts,jeffrey_roberts@example.com,jeffreyroberts,jeffrey,25-08-1997,34,Female,9638
Brett,Bruce,brett_bruce@example.com,brettbruce,brett,23-02-1965,63,Male,3894
Lauren,Schmidt,lauren_schmidt@example.com,laurenschmidt,lauren,15-04-1990,55,Male,2904
David,Collins,david_collins@example.com,davidcollins,david,25-11-1966,29,Male,2568
Kimberly,Perry,kimberly_perry@example.com,kimberlyperry,kimberly,23-10-1972,41,Male,7243
Patricia,Keller,patricia_keller@example.com,patriciakeller,patricia,25-03-2000,31,Male,8134
Sharon,Cohen,sharon_cohen@example.com,sharoncohen,sharon,14-09-1962,62,Male,1517
Lindsey,Sawyer,lindsey_sawyer@example.com,lindseysawyer,lindsey,02-09-1969,32,Female,8198
Samuel,Armstrong,samuel_armstrong@example.com,samuelarmstrong,samuel,18-03-1973,46,Male,9628
William,Burch,william_burch@example.com,williamburch,william,30-04-1978,39,Male,8491
Gerald,Lee,gerald_lee@example.com,geraldlee,gerald,15-06-1990,33,Male,2430
Jamie,Morgan,jamie_morgan@example.com,jamiemorgan,jamie,30-10-1962,49,Female,5863
Karen,Franklin,karen_franklin@example.com,karenfranklin,karen,09-07-1973,44,Male,4479
Christopher,Hogan,christopher_hogan@example.com,christopherhogan,christopher,07-01-1979,50,Female,2488
Eric,Coleman,eric_coleman@example.com,ericcoleman,eric,18-11-1986,60,Female,2930
Tiffany,Barrera,tiffany_barrera@example.com,tiffanybarrera,tiffany,29-08-1983,28,Female,6918
Vincent,Taylor,vincent_taylor@example.com,vincenttaylor,vincent,13-03-1974,35,Male,2817
Laura,Cruz,laura_cruz@example.com,lauracruz,laura,02-11-1972,41,Female,5280
Samuel,Martin,samuel_martin@example.com,samuelmartin,samuel,18-10-1984,49,Female,1411
Blake,Barnett,blake_barnett@example.com,blakebarnett,blake,18-07-1999,40,Male,8969
Angela,Green,angela_green@example.com,angelagreen,angela,17-06-1975,51,Female,4912
Joshua,Leonard,joshua_leonard@example.com,joshualeonard,joshua,05-02-1996,23,Female,1918
Angelica,Foster,angelica_foster@example.com,angelicafoster,angelica,03-05-1975,19,Male,8157
Margaret,Huang,margaret_huang@example.com,margarethuang,margaret,01-01-1973,59,Male,6828
